email;direccion;comuna
Agustin.Matte@bbdduc.utopia;Calle Estado 456, Santiago Centro;13101
Agustin.Matte@bbdduc.utopia;Av. Alemania 456, Temuco;9101
Agustin.Reyes@bbdduc.utopia;Calle Prat 789, Iquique;1101
Agustin.Reyes@bbdduc.utopia;Av. Alemania 789, Temuco;9101
Alejandro.Benitez@bbdduc.utopia;Av. Las Condes 789, Las Condes, Santiago;13114
Alejandro.Benitez@bbdduc.utopia;Calle Maintencion 789, Maintencillo;5602
Alejandro.Benitez@bbdduc.utopia;Av. Grecia 789, Nunoa, Santiago;13120
Alejandro.Benitez@bbdduc.utopia;Av. Libertador 123, Vina del Mar;5109
Alejandro.Daroca@bbdduc.utopia;Av. OHiggins 123, Rancagua;6101
Alejandro.Sierra@bbdduc.utopia;Av. Apoquindo 456, Las Condes, Santiago;13114
Alejandro.Sierra@bbdduc.utopia;Calle Larga 789, Los Andes;5301
Alejandro.Sierra@bbdduc.utopia;Calle Larga 789, Los Andes;5301
Alejandro.Vicencio@bbdduc.utopia;Av. Apoquindo 456, Las Condes, Santiago;13114
Alejandro.Vicencio@bbdduc.utopia;Av. Grecia 456, Nunoa, Santiago;13120
Alfredo.Catalan@bbdduc.utopia;Av. Kennedy 456, Las Condes, Santiago;13114
Alfredo.Catalan@bbdduc.utopia;Av. Apoquindo 456, Las Condes, Santiago;13114
Alfredo.Catalan@bbdduc.utopia;Av. Apoquindo 456, Las Condes, Santiago;13114
Alfredo.Catalan@bbdduc.utopia;Av. Alemania 123, Temuco;9101
Alfredo.Catalan@bbdduc.utopia;Av. Vitacura 456, Vitacura, Santiago;13132
Alonso.Valladares@bbdduc.utopia;Av. Colon 123, Antofagasta;2101
Alonso.Valladares@bbdduc.utopia;Calle Prat 123, Iquique;1101
Alonso.Valladares@bbdduc.utopia;Av. San Juan 202, Machali;6108
Alonso.Valladares@bbdduc.utopia;Av. Las Parcelas 1234, Macul, Santiago;13118
Alonso.Valladares@bbdduc.utopia;Calle Estado 456, Santiago Centro;13101
Alonso.Valladares@bbdduc.utopia;Calle Viel 123, Vina del Mar;5109
Alonso.Valladares@bbdduc.utopia;Calle Viel 456, Vina del Mar;5109
Alonso.Zanni@bbdduc.utopia;Calle Estado 456, Santiago Centro;13101
Alonso.Zanni@bbdduc.utopia;Calle Estado 789, Santiago Centro;13101
Alonso.Zanni@bbdduc.utopia;Av. Alemania 789, Temuco;9101
Alonso.Zanni@bbdduc.utopia;Av. San Jose Maria Escriva de Balaguer 5970, Vitacura, Santiago;13132
Andrea.Guevara@bbdduc.utopia;Av. Las Condes 123, Las Condes, Santiago;13114
Andrea.Guevara@bbdduc.utopia;Calle Maintencion 123, Maintencillo;5602
Andrea.Guevara@bbdduc.utopia;Av. Alemania 456, Temuco;9101
Andrea.Moya@bbdduc.utopia;Calle Prat 789, Iquique;1101
Andrea.Moya@bbdduc.utopia;Av. Apoquindo 123, Las Condes, Santiago;13114
Andrea.Renftel@bbdduc.utopia;Calle Prat 456, Iquique;1101
Andrea.Renftel@bbdduc.utopia;Av. Grecia 789, Nunoa, Santiago;13120
Andrea.Videla@bbdduc.utopia;Calle Prat 123, Iquique;1101
Andrea.Videla@bbdduc.utopia;Av. Las Condes 789, Las Condes, Santiago;13114
Andres.Balzan@bbdduc.utopia;Calle Prat 123, Iquique;1101
Andres.Barrera@bbdduc.utopia;Av. Las Condes 123, Las Condes, Santiago;13114
Andres.Barrera@bbdduc.utopia;Calle Larga 456, Los Andes;5301
Andres.Barrera@bbdduc.utopia;Calle Maintencion 123, Maintencillo;5602
Andres.Barrera@bbdduc.utopia;Av. Libertador 123, Vina del Mar;5109
Andres.Benavides@bbdduc.utopia;Calle Prat 123, Iquique;1101
Andres.Benavides@bbdduc.utopia;Av. Grecia 456, Nunoa, Santiago;13120
Andres.Cortes@bbdduc.utopia;Calle Prat 456, Iquique;1101
Andres.Cortes@bbdduc.utopia;Calle Larga 789, Los Andes;5301
Andres.Cortes@bbdduc.utopia;Av. OHiggins 789, Rancagua;6101
Andres.Cortes@bbdduc.utopia;Av. Vitacura 456, Vitacura, Santiago;13132
Andres.Gallardo@bbdduc.utopia;Calle Prat 789, Iquique;1101
Andres.Gallardo@bbdduc.utopia;Calle Larga 789, Los Andes;5301
Andres.Mendez@bbdduc.utopia;Av. Grecia 789, Nunoa, Santiago;13120
Andres.Mendez@bbdduc.utopia;Av. Vitacura 456, Vitacura, Santiago;13132
Andres.Meza@bbdduc.utopia;Calle Prat 123, Iquique;1101
Andres.Meza@bbdduc.utopia;Calle Estado 456, Santiago Centro;13101
Andres.Montt@bbdduc.utopia;Calle Estado 789, Santiago Centro;13101
Andres.Ramirez@bbdduc.utopia;Av. Grecia 123, Nunoa, Santiago;13120
Andres.Ramirez@bbdduc.utopia;Calle Viel 789, Vina del Mar;5109
Andres.Reinhardt@bbdduc.utopia;Calle San Antonio 789, San Antonio;5601
Andres.Saavedra@bbdduc.utopia;Av. Apoquindo 789, Las Condes, Santiago;13114
Andres.Saavedra@bbdduc.utopia;Av. Alemania 456, Temuco;9101
Andres.Sanchez@bbdduc.utopia;Calle Larga 789, Los Andes;5301
Andres.Sanchez@bbdduc.utopia;Av. Alemania 456, Temuco;9101
Angeles.Castro@bbdduc.utopia;Av. Apoquindo 123, Las Condes, Santiago;13114
Angeles.Monzon@bbdduc.utopia;Av. Vitacura 456, Vitacura, Santiago;13132
Antonella.Roncagliolo@bbdduc.utopia;Av. Recoleta 456, Huechuraba, Santiago;13107
Antonella.Roncagliolo@bbdduc.utopia;Av. Las Condes 789, Las Condes, Santiago;13114
Antonella.Roncagliolo@bbdduc.utopia;Calle Maintencion 456, Maintencillo;5602
Antonella.Roncagliolo@bbdduc.utopia;Av. Grecia 456, Nunoa, Santiago;13120
Antonella.Roncagliolo@bbdduc.utopia;Av. Grecia 456, Nunoa, Santiago;13120
Antonella.Roncagliolo@bbdduc.utopia;Av. OHiggins 456, Rancagua;6101
Antonella.Roncagliolo@bbdduc.utopia;Av. Alemania 123, Temuco;9101
Antonella.Roncagliolo@bbdduc.utopia;Calle Viel 456, Vina del Mar;5109
Antonio.Larrain@bbdduc.utopia;Av. Apoquindo 456, Las Condes, Santiago;13114
Antonio.Meneghini@bbdduc.utopia;Calle Larga 456, Los Andes;5301
Antonio.Meneghini@bbdduc.utopia;Calle Larga 456, Los Andes;5301
Antonio.Moreno@bbdduc.utopia;Av. Las Condes 456, Las Condes, Santiago;13114
Antonio.Rivera@bbdduc.utopia;Av. Colon 123, Antofagasta;2101
Antonio.Rivera@bbdduc.utopia;Calle Prat 123, Iquique;1101
Antonio.Rivera@bbdduc.utopia;Calle Larga 789, Los Andes;5301
Antonio.Rivera@bbdduc.utopia;Av. Grecia 123, Nunoa, Santiago;13120
Antonio.Rivera@bbdduc.utopia;Calle Estado 789, Santiago Centro;13101
Antonio.Smith@bbdduc.utopia;Av. Apoquindo 456, Las Condes, Santiago;13114
Antonio.Smith@bbdduc.utopia;Calle Larga 789, Los Andes;5301
Belen.Torres@bbdduc.utopia;Av. Colon 789, Antofagasta;2101
Belen.Torres@bbdduc.utopia;Av. Apoquindo 456, Las Condes, Santiago;13114
Belen.Torres@bbdduc.utopia;Av. Apoquindo 123, Las Condes, Santiago;13114
Belen.Torres@bbdduc.utopia;Av. Apoquindo 123, Las Condes, Santiago;13114
Belen.Torres@bbdduc.utopia;Av. Grecia 456, Nunoa, Santiago;13120
Carina.Duran@bbdduc.utopia;Calle Maintencion 456, Maintencillo;5602
Carina.Duran@bbdduc.utopia;Av. OHiggins 789, Rancagua;6101
Diaz.Barrera@bbdduc.utopia;Av. Apoquindo 123, Las Condes, Santiago;13114
Diaz.Barrera@bbdduc.utopia;Av. Grecia 789, Nunoa, Santiago;13120
Diaz.Barrera@bbdduc.utopia;Calle Estado 456, Santiago Centro;13101
Diego.Fernandez@bbdduc.utopia;Calle Maintencion 456, Maintencillo;5602
Diego.Fernandez@bbdduc.utopia;Av. Grecia 789, Nunoa, Santiago;13120
Diego.Fernandez@bbdduc.utopia;Calle Estado 456, Santiago Centro;13101
Diego.Fernandez@bbdduc.utopia;Calle Viel 456, Vina del Mar;5109
Domingo.Carvajal@bbdduc.utopia;Av. Apoquindo 789, Las Condes, Santiago;13114
Domingo.Carvajal@bbdduc.utopia;Av. Libertador 123, Rancagua;6101
Eduardo.Behrens@bbdduc.utopia;Av. OHiggins 123, Rancagua;6101
Eduardo.Behrens@bbdduc.utopia;Calle Estado 789, Santiago Centro;13101
Eduardo.Behrens@bbdduc.utopia;Calle Estado 456, Santiago Centro;13101
Eduardo.Bustos@bbdduc.utopia;Av. Colon 789, Antofagasta;2101
Eduardo.Bustos@bbdduc.utopia;Av. OHiggins 789, Rancagua;6101
Eduardo.Bustos@bbdduc.utopia;Calle Estado 123, Santiago Centro;13101
Eduardo.Cortez@bbdduc.utopia;Av. San Juan 202, Machali;6108
Eduardo.Cortez@bbdduc.utopia;Calle Viel 456, Vina del Mar;5109
Eduardo.Gonzalez@bbdduc.utopia;Av. Apoquindo 123, Las Condes, Santiago;13114
Eduardo.Gonzalez@bbdduc.utopia;Av. OHiggins 456, Rancagua;6101
Eduardo.Osorio@bbdduc.utopia;Calle Larga 123, Los Andes;5301
Eduardo.Osorio@bbdduc.utopia;Calle San Antonio 456, San Antonio;5601
Eduardo.Osorio@bbdduc.utopia;Av. Providencia 456, Las Condes, Santiago;13114
Eduardo.Vilches@bbdduc.utopia;Av. Apoquindo 789, Las Condes, Santiago;13114
Eduardo.Vilches@bbdduc.utopia;Av. Las Condes 789, Las Condes, Santiago;13114
Eduardo.Vilches@bbdduc.utopia;Av. Grecia 123, Nunoa, Santiago;13120
Eduardo.Vilches@bbdduc.utopia;Av. Alemania 456, Temuco;9101
Eduardo.Wood@bbdduc.utopia;Av. Colon 123, Antofagasta;2101
Eduardo.Wood@bbdduc.utopia;Calle Estado 123, Santiago Centro;13101
Elena.Alarcon@bbdduc.utopia;Av. Colon 789, Antofagasta;2101
Elena.Alarcon@bbdduc.utopia;Av. Alemania 789, Temuco;9101
Elena.Cintolesi@bbdduc.utopia;Av. Alemania 456, Temuco;9101
Elena.Morales@bbdduc.utopia;Av. Las Condes 789, Las Condes, Santiago;13114
Elena.Morales@bbdduc.utopia;Av. Grecia 456, Nunoa, Santiago;13120
Elena.Morales@bbdduc.utopia;Calle San Antonio 789, San Antonio;5601
Elias.Santibanez@bbdduc.utopia;Calle Maintencion 123, Maintencillo;5602
Elias.Santibanez@bbdduc.utopia;Calle Viel 456, Vina del Mar;5109
Elias.Santibanez@bbdduc.utopia;Av. San Jose Maria Escriva de Balaguer 5970, Vitacura, Santiago;13132
Enoc.Asenjo@bbdduc.utopia;Calle San Pablo 789, La Cisterna, Santiago;13109
Enoc.Asenjo@bbdduc.utopia;Av. OHiggins 789, Rancagua;6101
Enoc.Asenjo@bbdduc.utopia;Av. OHiggins 123, Rancagua;6101
Enrique.Costa@bbdduc.utopia;Av. Apoquindo 789, Las Condes, Santiago;13114
Enrique.Costa@bbdduc.utopia;Calle Estado 789, Santiago Centro;13101
Enrique.Mingo@bbdduc.utopia;Calle Larga 789, Los Andes;5301
Enrique.Mingo@bbdduc.utopia;Av. Grecia 789, Nunoa, Santiago;13120
Enrique.Reyes@bbdduc.utopia;Av. Colon 123, Antofagasta;2101
Enrique.Reyes@bbdduc.utopia;Av. Las Condes 789, Las Condes, Santiago;13114
Enrique.Reyes@bbdduc.utopia;Av. Grecia 456, Nunoa, Santiago;13120
Ernst.Bustos@bbdduc.utopia;Av. Vitacura 456, Vitacura, Santiago;13132
Esteban.Marshall@bbdduc.utopia;Av. Las Condes 789, Las Condes, Santiago;13114
Esteban.Marshall@bbdduc.utopia;Av. Grecia 456, Nunoa, Santiago;13120
Esteban.Marshall@bbdduc.utopia;Av. Vitacura 123, Vitacura, Santiago;13132
Florencia.Torres@bbdduc.utopia;Av. Grecia 123, Nunoa, Santiago;13120
francisca.ancic@uc.cl;Av. Apoquindo 123, Las Condes, Santiago;13114
francisca.ancic@uc.cl;Calle Estado 789, Santiago Centro;13101
francisca.ancic@uc.cl;Calle Estado 789, Santiago Centro;13101
Giuseppe.Horta@bbdduc.utopia;Av. Las Condes 123, Las Condes, Santiago;13114
Giuseppe.Horta@bbdduc.utopia;Av. Apoquindo 123, Las Condes, Santiago;13114
Giuseppe.Horta@bbdduc.utopia;Calle San Antonio 789, San Antonio;5601
Giuseppe.Horta@bbdduc.utopia;Calle Estado 123, Santiago Centro;13101
Giuseppe.Horta@bbdduc.utopia;Calle Viel 456, Vina del Mar;5109
Giuseppe.Horta@bbdduc.utopia;Av. Vitacura 123, Vitacura, Santiago;13132
Humberto.Hormann@bbdduc.utopia;Av. Grecia 123, Nunoa, Santiago;13120
Humberto.Hormann@bbdduc.utopia;Av. OHiggins 789, Rancagua;6101
Humberto.Hormann@bbdduc.utopia;Av. Alemania 123, Temuco;9101
Humberto.Hormann@bbdduc.utopia;Calle Viel 456, Vina del Mar;5109
Ignacia.Greene@bbdduc.utopia;Av. OHiggins 789, Rancagua;6101
Ignacia.Oyarzun@bbdduc.utopia;Calle Viel 123, Vina del Mar;5109
Ignacia.Rolando@bbdduc.utopia;Av. Grecia 456, Nunoa, Santiago;13120
Ignacia.Rolando@bbdduc.utopia;Av. Vitacura 456, Vitacura, Santiago;13132
Ignacia.Ruiz@bbdduc.utopia;Calle Maintencion 123, Maintencillo;5602
Ignacia.Ruiz@bbdduc.utopia;Av. Grecia 456, Nunoa, Santiago;13120
Ignacia.Ruiz@bbdduc.utopia;Av. OHiggins 789, Rancagua;6101
Ignacio.Alvarado@bbdduc.utopia;Av. San Juan 202, Machali;6108
Ignacio.Alvarado@bbdduc.utopia;Av. Grecia 456, Nunoa, Santiago;13120
Ignacio.Alvarado@bbdduc.utopia;Av. Grecia 456, Nunoa, Santiago;13120
Ignacio.Alvarado@bbdduc.utopia;Calle Viel 123, Vina del Mar;5109
Ignacio.Arias@bbdduc.utopia;Calle Maintencion 456, Maintencillo;5602
Ignacio.Arias@bbdduc.utopia;Calle Estado 789, Santiago Centro;13101
Ignacio.Arias@bbdduc.utopia;Calle Estado 789, Santiago Centro;13101
Ignacio.Arias@bbdduc.utopia;Calle Viel 789, Vina del Mar;5109
Ignacio.Arias@bbdduc.utopia;Calle Viel 789, Vina del Mar;5109
Ignacio.Conejeros@bbdduc.utopia;Calle San Antonio 789, San Antonio;5601
Ignacio.Conejeros@bbdduc.utopia;Calle Estado 789, Santiago Centro;13101
Ignacio.Conejeros@bbdduc.utopia;Av. Alemania 123, Temuco;9101
Ignacio.Conejeros@bbdduc.utopia;Av. Vitacura 789, Vitacura, Santiago;13132
Ignacio.Gonzalez@bbdduc.utopia;Av. Apoquindo 123, Las Condes, Santiago;13114
Ignacio.Gonzalez@bbdduc.utopia;Av. Grecia 789, Nunoa, Santiago;13120
Ignacio.Gonzalez@bbdduc.utopia;Av. Grecia 456, Nunoa, Santiago;13120
Ignacio.Gonzalez@bbdduc.utopia;Calle Estado 123, Santiago Centro;13101
Ignacio.Lopez@bbdduc.utopia;Av. Colon 789, Antofagasta;2101
Ignacio.Mellado@bbdduc.utopia;Av. Colon 123, Antofagasta;2101
Ignacio.Mellado@bbdduc.utopia;Av. Apoquindo 123, Las Condes, Santiago;13114
Ignacio.Munoz@bbdduc.utopia;Av. Las Condes 123, Las Condes, Santiago;13114
Ignacio.Munoz@bbdduc.utopia;Av. Grecia 789, Nunoa, Santiago;13120
Ignacio.Munoz@bbdduc.utopia;Calle San Antonio 789, San Antonio;5601
Ignacio.Munoz@bbdduc.utopia;Calle Viel 123, Vina del Mar;5109
Ignacio.Munoz@bbdduc.utopia;Av. Vitacura 456, Vitacura, Santiago;13132
Ignacio.Perry@bbdduc.utopia;Av. Colon 456, Antofagasta;2101
Ignacio.Perry@bbdduc.utopia;Calle Estado 123, Santiago Centro;13101
Ignacio.Perry@bbdduc.utopia;Calle Estado 456, Santiago Centro;13101
Javier.Arias@bbdduc.utopia;Calle Estado 456, Santiago Centro;13101
Javier.Arias@bbdduc.utopia;Calle Estado 789, Santiago Centro;13101
Javier.Arias@bbdduc.utopia;Av. Vitacura 456, Vitacura, Santiago;13132
Javier.Madrid@bbdduc.utopia;Av. Colon 123, Antofagasta;2101
Javier.Madrid@bbdduc.utopia;Av. Apoquindo 123, Las Condes, Santiago;13114
Javier.Madrid@bbdduc.utopia;Av. OHiggins 789, Rancagua;6101
Jesus.Estremadoyro@bbdduc.utopia;Av. Grecia 123, Nunoa, Santiago;13120
Jesus.Estremadoyro@bbdduc.utopia;Av. Grecia 123, Nunoa, Santiago;13120
Jesus.Ramirez@bbdduc.utopia;Av. Las Condes 123, Las Condes, Santiago;13114
Jesus.Valera@bbdduc.utopia;Calle Prat 789, Iquique;1101
Jesus.Valera@bbdduc.utopia;Calle Padre Mariano 789, La Reina, Santiago;13113
Jesus.Valera@bbdduc.utopia;Av. Apoquindo 123, Las Condes, Santiago;13114
Jose.Castelblanco@bbdduc.utopia;Calle San Antonio 123, San Antonio;5601
Jose.Castelblanco@bbdduc.utopia;Av. Vitacura 123, Vitacura, Santiago;13132
Jose.Dauber@bbdduc.utopia;Calle Prat 789, Iquique;1101
Jose.Dauber@bbdduc.utopia;Av. Apoquindo 789, Las Condes, Santiago;13114
Jose.Dauber@bbdduc.utopia;Av. Apoquindo 456, Las Condes, Santiago;13114
Jose.Dauber@bbdduc.utopia;Calle Estado 789, Santiago Centro;13101
Jose.Dauber@bbdduc.utopia;Av. Vitacura 789, Vitacura, Santiago;13132
Jose.Oyaneder@bbdduc.utopia;Calle Maintencion 123, Maintencillo;5602
Jose.Oyaneder@bbdduc.utopia;Calle San Antonio 789, San Antonio;5601
Kay.Zalaquett@bbdduc.utopia;Av. Colon 456, Antofagasta;2101
Kay.Zalaquett@bbdduc.utopia;Calle Maintencion 123, Maintencillo;5602
Kay.Zalaquett@bbdduc.utopia;Av. San Jose Maria Escriva de Balaguer 5970, Vitacura, Santiago;13132
Macarena.Galleguillos@bbdduc.utopia;Calle Prat 123, Iquique;1101
Macarena.Galleguillos@bbdduc.utopia;Av. Larrain 123, La Reina, Santiago;13113
Macarena.Galleguillos@bbdduc.utopia;Av. Grecia 123, Nunoa, Santiago;13120
Macarena.Lungenstrass@bbdduc.utopia;Av. Las Condes 789, Las Condes, Santiago;13114
Macarena.Lungenstrass@bbdduc.utopia;Calle San Antonio 789, San Antonio;5601
Macarena.Lungenstrass@bbdduc.utopia;Av. Alemania 456, Temuco;9101
Macarena.Martinez@bbdduc.utopia;Av. Apoquindo 456, Las Condes, Santiago;13114
Macarena.Martinez@bbdduc.utopia;Calle Larga 123, Los Andes;5301
Macarena.Saldana@bbdduc.utopia;Calle Viel 456, Vina del Mar;5109
Nicolas.Ayala@bbdduc.utopia;Av. Las Condes 456, Las Condes, Santiago;13114
Nicolas.Ayala@bbdduc.utopia;Av. Apoquindo 456, Las Condes, Santiago;13114
Nicolas.Ayala@bbdduc.utopia;Calle Estado 456, Santiago Centro;13101
Nicolas.Ayala@bbdduc.utopia;Av. Vitacura 123, Vitacura, Santiago;13132
Nicolas.Crisosto@bbdduc.utopia;Calle Prat 123, Iquique;1101
Nicolas.Crisosto@bbdduc.utopia;Calle Maintencion 789, Maintencillo;5602
Nicolas.Crisosto@bbdduc.utopia;Av. Grecia 789, Nunoa, Santiago;13120
Nicolas.Crisosto@bbdduc.utopia;Calle Estado 123, Santiago Centro;13101
Nicolas.Crisosto@bbdduc.utopia;Av. Alemania 456, Temuco;9101
Nicolas.Crisosto@bbdduc.utopia;Av. Vitacura 456, Vitacura, Santiago;13132
Nicolas.Munoz@bbdduc.utopia;Calle Larga 789, Los Andes;5301
Nicolas.Munoz@bbdduc.utopia;Calle San Antonio 456, San Antonio;5601
Nicolas.Munoz@bbdduc.utopia;Calle Estado 456, Santiago Centro;13101
Nicolas.Munoz@bbdduc.utopia;Calle Estado 789, Santiago Centro;13101
Nicolas.Munoz@bbdduc.utopia;Av. Vitacura 789, Vitacura, Santiago;13132
Nicolas.Plaza@bbdduc.utopia;Calle Prat 456, Iquique;1101
Nicolas.Plaza@bbdduc.utopia;Av. Apoquindo 123, Las Condes, Santiago;13114
Nicolas.Plaza@bbdduc.utopia;Av. Grecia 456, Nunoa, Santiago;13120
Nicolas.Plaza@bbdduc.utopia;Av. OHiggins 789, Rancagua;6101
Nicolas.Tromilen@bbdduc.utopia;Av. Colon 123, Antofagasta;2101
Nicolas.Zambrano@bbdduc.utopia;Av. Colon 123, Antofagasta;2101
Nicolas.Zambrano@bbdduc.utopia;Av. Lientur 123, Los Andes;5301
Nicolas.Zambrano@bbdduc.utopia;Av. Grecia 456, Nunoa, Santiago;13120
Ozzy.Baldini@bbdduc.utopia;Calle San Antonio 123, San Antonio;5601
Ozzy.Baldini@bbdduc.utopia;Calle Estado 456, Santiago Centro;13101
Ozzy.Baldini@bbdduc.utopia;Calle Estado 456, Santiago Centro;13101
Ozzy.Baldini@bbdduc.utopia;Av. Alemania 456, Temuco;9101
Pablo.Gonzalez@bbdduc.utopia;Av. Grecia 123, Nunoa, Santiago;13120
Pablo.Montes@bbdduc.utopia;Calle Maintencion 123, Maintencillo;5602
Pablo.Montes@bbdduc.utopia;Av. Alemania 456, Temuco;9101
Pablo.Montes@bbdduc.utopia;Calle Viel 123, Vina del Mar;5109
Pablo.Muse@bbdduc.utopia;Av. Apoquindo 456, Las Condes, Santiago;13114
Pablo.Muse@bbdduc.utopia;Calle Estado 789, Santiago Centro;13101
Pablo.Muse@bbdduc.utopia;Av. Alemania 123, Temuco;9101
Pablo.ORyan@bbdduc.utopia;Av. Colon 789, Antofagasta;2101
Pablo.ORyan@bbdduc.utopia;Av. Apoquindo 456, Las Condes, Santiago;13114
Pablo.ORyan@bbdduc.utopia;Av. Grecia 789, Nunoa, Santiago;13120
Pablo.ORyan@bbdduc.utopia;Av. OHiggins 456, Rancagua;6101
Paz.Arancibia@bbdduc.utopia;Calle Prat 789, Iquique;1101
Paz.Arancibia@bbdduc.utopia;Calle Prat 123, Iquique;1101
Paz.Arancibia@bbdduc.utopia;Av. Apoquindo 123, Las Condes, Santiago;13114
Paz.Egnem@bbdduc.utopia;Calle Larga 789, Los Andes;5301
Pedro.Correa@bbdduc.utopia;Calle San Antonio 123, San Antonio;5601
Pedro.Correa@bbdduc.utopia;Calle Viel 456, Vina del Mar;5109
Pedro.Correa@bbdduc.utopia;Av. Vitacura 123, Vitacura, Santiago;13132
Renasco.Quezada@bbdduc.utopia;Calle Prat 789, Iquique;1101
Renasco.Quezada@bbdduc.utopia;Calle Estado 123, Santiago Centro;13101
Robinson.Hermosilla@bbdduc.utopia;Calle Prat 123, Iquique;1101
Robinson.Hermosilla@bbdduc.utopia;Av. Vitacura 456, Vitacura, Santiago;13132
Rovira.Gonzalez@bbdduc.utopia;Calle San Antonio 123, San Antonio;5601
Rovira.Gonzalez@bbdduc.utopia;Av. Vitacura 123, Vitacura, Santiago;13132
Santiago.Garcia@bbdduc.utopia;Calle Larga 456, Los Andes;5301
Sayen.Reyes@bbdduc.utopia;Av. Colon 789, Antofagasta;2101
Sayen.Reyes@bbdduc.utopia;Av. OHiggins 789, Rancagua;6101
Sebastian.Salazar@bbdduc.utopia;Av. Colon 123, Antofagasta;2101
Sebastian.Salazar@bbdduc.utopia;Calle Maintencion 123, Maintencillo;5602
Sebastian.Salazar@bbdduc.utopia;Av. Vitacura 789, Vitacura, Santiago;13132
Segundo.Collinao@bbdduc.utopia;Calle Maintencion 456, Maintencillo;5602
Segundo.Collinao@bbdduc.utopia;Av. Grecia 456, Nunoa, Santiago;13120
Segundo.Collinao@bbdduc.utopia;Calle San Antonio 123, San Antonio;5601
Segundo.Collinao@bbdduc.utopia;Av. Vitacura 123, Vitacura, Santiago;13132
Segundo.Collinao@bbdduc.utopia;Av. Vitacura 789, Vitacura, Santiago;13132
Silva.Intyre@bbdduc.utopia;Av. Grecia 123, Nunoa, Santiago;13120
Sofia.Tapia@bbdduc.utopia;Calle Viel 456, Vina del Mar;5109
Yan.Zhong@bbdduc.utopia;Calle San Antonio 789, San Antonio;5601
Yan.Zhung@bbdduc.utopia;Av. Apoquindo 123, Las Condes, Santiago;13114
Yerhov.Silberberg@bbdduc.utopia;Av. Colon 123, Antofagasta;2101
Yerhov.Silberberg@bbdduc.utopia;Av. Apoquindo 123, Las Condes, Santiago;13114
Yerhov.Silberberg@bbdduc.utopia;Av. Lientur 123, Los Andes;5301
Yerhov.Silberberg@bbdduc.utopia;Av. Grecia 123, Nunoa, Santiago;13120
Yerhov.Silberberg@bbdduc.utopia;Av. OHiggins 456, Rancagua;6101
Yerhov.Silberberg@bbdduc.utopia;Av. OHiggins 456, Rancagua;6101
Yerhov.Silberberg@bbdduc.utopia;Calle San Antonio 789, San Antonio;5601
Yerhov.Silberberg@bbdduc.utopia;Calle Estado 789, Santiago Centro;13101
